,Score
0,0.4666666666666667
1,0.45098039215686275
2,0.6538461538461539
3,0.5636363636363636
4,0.4666666666666667
5,0.5540540540540541
6,0.5604395604395604
7,0.5
8,0.5121951219512195
9,0.4842105263157895
10,0.5213675213675214
11,0.49107142857142855
12,0.5932203389830508
13,0.5
14,0.6307692307692307
15,0.5357142857142857
16,0.8048780487804879
17,0.8461538461538461
18,0.5362318840579711
19,0.7241379310344828
20,0.7377049180327869
21,0.5223880597014925
22,0.5873015873015873
23,0.4838709677419355
24,0.47619047619047616
25,0.48717948717948717
26,0.47107438016528924
27,0.52
28,0.68
29,0.5135135135135135
30,0.8
31,0.6666666666666666
32,0.6
33,0.52
34,0.48936170212765956
35,0.68
36,0.7090909090909091
37,0.7241379310344828
38,0.4583333333333333
39,0.45454545454545453
40,0.7142857142857143
41,0.68
42,0.550561797752809
43,0.4823529411764706
44,0.6666666666666666
45,0.5606060606060606
46,0.48717948717948717
47,0.5
48,0.5789473684210527
49,0.5555555555555556
50,0.6521739130434783
51,0.5428571428571428
52,0.5789473684210527
53,0.6
54,0.5
55,0.5047619047619047
56,0.4666666666666667
57,0.5268817204301075
58,0.53125
59,0.6595744680851063
60,0.4936708860759494
61,0.5604395604395604
62,0.5555555555555556
63,0.8518518518518519
64,0.5294117647058824
65,0.5151515151515151
66,0.6363636363636364
67,0.5238095238095238
68,0.5076923076923077
69,0.825
70,0.48936170212765956
71,0.5
72,0.5636363636363636
73,0.4965034965034965
74,0.6396396396396397
75,0.5167785234899329
76,0.7746478873239436
77,0.46153846153846156
78,0.5604395604395604
79,0.5157894736842106
80,0.7108433734939759
81,0.6666666666666666
82,0.4594594594594595
83,0.550561797752809
84,1.0
85,1.0
86,0.6363636363636364
87,0.6363636363636364
88,0.5393258426966292
89,0.4942528735632184
90,0.6521739130434783
91,0.5681818181818182
92,0.49056603773584906
93,0.5
94,0.6
95,0.5087719298245614
96,0.6666666666666666
97,0.509090909090909
98,1.0
99,0.5846153846153846
100,0.625
101,0.5675675675675675
102,0.4642857142857143
103,0.5471698113207547
104,0.4725274725274725
105,1.0
106,0.5492957746478874
107,0.5
108,0.6036036036036037
109,0.5714285714285714
110,0.68
111,0.6521739130434783
112,0.5294117647058824
113,0.4576271186440678
114,0.6
115,0.52
116,0.5428571428571428
117,0.48672566371681414
118,0.5294117647058824
119,0.6097560975609756
120,0.6
121,0.504424778761062
122,0.5789473684210527
123,0.45454545454545453
124,0.4520547945205479
125,0.52
126,0.5
127,0.5238095238095238
128,0.5471698113207547
129,0.47540983606557374
130,0.5959595959595959
131,0.5130434782608696
132,0.48936170212765956
133,0.5471698113207547
134,0.48148148148148145
135,0.5151515151515151
136,0.5636363636363636
137,0.5733333333333334
138,0.5862068965517241
139,0.5
140,0.5897435897435898
141,0.4666666666666667
142,0.5
143,0.5862068965517241
144,0.5402298850574713
145,0.52
146,0.46511627906976744
147,0.5384615384615384
148,0.5510204081632653
149,0.6521739130434783
150,0.6521739130434783
151,0.6521739130434783
152,0.6521739130434783
153,0.6521739130434783
154,0.6521739130434783
155,0.6521739130434783
156,0.6521739130434783
157,0.6521739130434783
158,0.6521739130434783
159,0.6521739130434783
160,0.6521739130434783
161,0.6521739130434783
162,0.6521739130434783
163,0.6521739130434783
164,0.6521739130434783
165,0.6521739130434783
166,0.6521739130434783
167,0.6521739130434783
168,0.5384615384615384
169,0.8297872340425532
170,0.6923076923076923
171,0.7142857142857143
172,0.68
173,0.5121951219512195
174,0.5348837209302325
175,0.6129032258064516
176,0.4921875
177,0.4909090909090909
178,0.4823529411764706
179,0.6842105263157895
180,0.5643564356435643
181,0.5102040816326531
182,0.5102040816326531
183,0.5102040816326531
184,0.4605263157894737
185,0.6
186,0.5789473684210527
187,0.49295774647887325
188,0.456
189,0.5238095238095238
190,0.5151515151515151
191,0.5294117647058824
192,0.5121951219512195
193,0.5172413793103449
194,0.625
195,0.7837837837837838
196,0.4716981132075472
197,1.0
198,0.45454545454545453
199,0.47540983606557374
200,0.5076923076923077
201,0.574468085106383
202,0.4716981132075472
203,0.46846846846846846
204,0.8769230769230769
205,0.6
206,0.5102040816326531
207,0.47540983606557374
208,0.6470588235294118
209,0.5789473684210527
210,0.627906976744186
211,0.5662650602409639
212,0.5844155844155844
213,0.5555555555555556
214,0.52
215,0.452991452991453
216,0.5
217,0.6129032258064516
218,0.4838709677419355
219,0.45454545454545453
220,0.4936708860759494
221,0.5447154471544715
222,0.5616438356164384
223,0.5068493150684932
224,0.4576271186440678
225,0.4606741573033708
226,0.550561797752809
227,0.452991452991453
228,0.4647887323943662
229,0.46218487394957986
230,0.4666666666666667
231,0.6363636363636364
232,0.6129032258064516
233,0.5185185185185185
234,0.6521739130434783
235,0.5
236,0.4954954954954955
237,0.4520547945205479
238,0.5918367346938775
239,0.4666666666666667
240,0.4936708860759494
241,0.8857142857142857
242,0.5151515151515151
243,0.4626865671641791
244,0.8461538461538461
245,0.6
246,0.673469387755102
247,0.5510204081632653
248,0.5510204081632653
249,0.5510204081632653
250,0.5510204081632653
251,0.5510204081632653
252,0.5510204081632653
253,0.5510204081632653
254,0.5510204081632653
255,0.5510204081632653
256,0.5510204081632653
257,0.5510204081632653
258,0.5510204081632653
259,0.5510204081632653
260,0.5510204081632653
261,0.5510204081632653
262,0.5510204081632653
263,0.5510204081632653
264,0.5510204081632653
265,0.5510204081632653
266,0.5510204081632653
267,0.5294117647058824
268,0.47619047619047616
269,0.813953488372093
270,0.47368421052631576
271,0.6363636363636364
272,0.4782608695652174
273,0.6049382716049383
274,0.7419354838709677
275,0.46296296296296297
276,0.4936708860759494
277,1.0
278,0.5154639175257731
279,0.5492957746478874
280,0.5
281,0.47368421052631576
282,0.5492957746478874
283,0.4818181818181818
284,0.6417910447761194
285,0.52
286,0.5675675675675675
287,0.4883720930232558
288,0.5632183908045977
289,0.6
290,0.47586206896551725
291,0.5121951219512195
292,0.4606741573033708
293,0.6075949367088608
294,0.627906976744186
295,0.7333333333333333
296,0.5268817204301075
297,0.45454545454545453
298,0.4594594594594595
299,0.5555555555555556
300,0.6444444444444445
301,0.5643564356435643
302,0.5492957746478874
303,0.5517241379310345
304,0.5402298850574713
305,0.5076923076923077
306,0.4909090909090909
307,0.7647058823529411
308,0.4838709677419355
309,0.5084745762711864
310,0.5555555555555556
311,0.4766355140186916
312,0.47107438016528924
313,0.5053763440860215
314,0.45454545454545453
315,0.5254237288135594
316,0.5675675675675675
317,0.4666666666666667
318,0.5151515151515151
319,0.4805194805194805
320,0.47115384615384615
321,0.6170212765957447
322,0.4666666666666667
323,0.5223880597014925
324,0.8461538461538461
325,0.5844155844155844
326,0.5471698113207547
327,0.52
328,0.6756756756756757
329,0.4634146341463415
330,0.6417910447761194
331,0.5
332,1.0
333,0.5949367088607594
334,0.5636363636363636
335,0.5384615384615384
336,0.4838709677419355
337,0.7746478873239436
338,0.4936708860759494
339,0.603448275862069
340,0.4666666666666667
341,0.5362318840579711
342,0.49473684210526314
343,0.5347222222222222
344,0.5223880597014925
345,0.5520833333333334
346,0.4583333333333333
347,0.47107438016528924
348,0.5051546391752577
349,1.0
350,0.518796992481203
351,0.6521739130434783
352,0.5555555555555556
353,0.5348837209302325
354,0.5596330275229358
355,0.6712328767123288
356,0.5151515151515151
357,0.5384615384615384
358,0.5032258064516129
359,0.5
360,0.5460992907801419
361,0.7142857142857143
362,0.6666666666666666
363,0.4782608695652174
364,0.5
365,0.5176470588235295
366,1.0
367,1.0
368,0.5
369,0.48623853211009177
370,0.6521739130434783
371,0.7142857142857143
372,0.5616438356164384
373,0.5510204081632653
374,0.6521739130434783
375,0.6521739130434783
376,0.6521739130434783
377,0.6521739130434783
378,0.6521739130434783
379,0.6521739130434783
380,0.6521739130434783
381,0.6521739130434783
382,0.6521739130434783
383,0.6521739130434783
384,0.6521739130434783
385,0.6521739130434783
386,0.6521739130434783
387,0.6521739130434783
388,0.6521739130434783
389,0.6521739130434783
390,0.6521739130434783
391,0.6521739130434783
392,0.6521739130434783
393,0.5636363636363636
394,0.4782608695652174
395,0.6923076923076923
396,0.6923076923076923
397,0.6923076923076923
398,0.6923076923076923
399,0.5294117647058824
400,0.5
401,0.5510204081632653
402,0.6521739130434783
403,0.6521739130434783
404,0.6521739130434783
405,0.6521739130434783
406,0.6521739130434783
407,0.6521739130434783
408,0.6521739130434783
409,0.6521739130434783
410,0.6521739130434783
411,0.6521739130434783
412,0.6521739130434783
413,0.6521739130434783
414,0.6521739130434783
415,0.6521739130434783
416,0.6521739130434783
417,0.6521739130434783
418,0.6521739130434783
419,0.6521739130434783
420,0.6521739130434783
421,0.5294117647058824
422,0.5079365079365079
423,0.7623762376237624
424,0.8095238095238095
425,1.0
426,1.0
427,1.0
428,1.0
429,1.0
430,1.0
431,1.0
432,1.0
433,1.0
434,1.0
435,1.0
436,1.0
437,1.0
438,1.0
439,1.0
440,1.0
441,1.0
442,1.0
443,1.0
444,0.5
445,0.5714285714285714
446,0.4805194805194805
447,0.4936708860759494
448,0.4875
449,0.8918918918918919
450,0.8095238095238095
451,1.0
452,1.0
453,1.0
454,1.0
455,1.0
456,1.0
457,1.0
458,1.0
459,1.0
460,1.0
461,1.0
462,1.0
463,1.0
464,1.0
465,1.0
466,1.0
467,1.0
468,1.0
469,1.0
470,0.6417910447761194
471,0.46153846153846156
472,0.4578313253012048
473,0.45689655172413796
474,0.5675675675675675
475,0.5675675675675675
476,0.45864661654135336
477,0.5294117647058824
478,0.5
479,0.6190476190476191
480,0.6097560975609756
481,1.0
482,1.0
483,0.552
484,0.5789473684210527
485,0.552
486,0.5362318840579711
487,0.5161290322580645
488,0.4634146341463415
489,0.47540983606557374
490,0.46226415094339623
491,0.5102040816326531
492,1.0
493,1.0
494,1.0
495,1.0
496,1.0
497,1.0
498,1.0
499,1.0
500,0.5510204081632653
501,0.6521739130434783
502,0.6521739130434783
503,0.6521739130434783
504,0.6521739130434783
505,0.6521739130434783
506,0.6521739130434783
507,0.6521739130434783
508,0.6521739130434783
509,0.6521739130434783
510,0.6521739130434783
511,0.6521739130434783
512,0.6521739130434783
513,0.6521739130434783
514,0.6521739130434783
515,0.6521739130434783
516,0.6521739130434783
517,0.6521739130434783
518,0.6521739130434783
519,0.6521739130434783
520,0.4666666666666667
521,0.4666666666666667
522,1.0
523,0.5897435897435898
524,0.5161290322580645
525,0.6
526,1.0
527,1.0
528,0.5151515151515151
529,0.5733333333333334
530,1.0
531,1.0
532,1.0
533,1.0
534,1.0
535,1.0
536,1.0
537,1.0
538,1.0
539,1.0
540,1.0
541,1.0
542,1.0
543,1.0
544,1.0
545,1.0
546,1.0
547,1.0
548,1.0
549,1.0
550,1.0
551,1.0
552,1.0
553,1.0
554,1.0
555,1.0
556,1.0
557,1.0
558,1.0
559,0.8860759493670886
560,1.0
561,1.0
562,1.0
563,1.0
564,1.0
565,1.0
566,1.0
567,1.0
568,1.0
569,1.0
570,1.0
571,1.0
572,1.0
573,1.0
574,1.0
575,1.0
576,1.0
577,1.0
578,1.0
579,1.0
580,1.0
581,1.0
582,1.0
583,1.0
584,1.0
585,1.0
586,1.0
587,1.0
588,1.0
589,1.0
590,1.0
591,1.0
592,1.0
593,1.0
594,0.49206349206349204
595,0.6428571428571429
596,1.0
597,1.0
598,0.48936170212765956
599,0.5114503816793893
600,0.5294117647058824
601,0.5471698113207547
602,1.0
603,0.9425287356321839
604,1.0
605,0.5294117647058824
606,1.0
607,1.0
608,1.0
609,0.9425287356321839
610,1.0
611,1.0
612,1.0
613,1.0
614,1.0
615,0.5294117647058824
616,0.7714285714285715
617,0.5263157894736842
618,0.6097560975609756
619,1.0
620,0.47107438016528924
621,1.0
622,1.0
623,0.6307692307692307
624,0.49390243902439024
625,0.5844155844155844
626,0.4789915966386555
627,0.8
628,0.4666666666666667
629,0.4666666666666667
630,1.0
631,0.5510204081632653
632,0.6521739130434783
633,0.6521739130434783
634,0.6521739130434783
635,0.6521739130434783
636,0.6521739130434783
637,0.6521739130434783
638,0.6521739130434783
639,0.6521739130434783
640,0.6521739130434783
641,0.6521739130434783
642,0.6521739130434783
643,0.6521739130434783
644,0.6521739130434783
645,0.6521739130434783
646,0.6521739130434783
647,0.6521739130434783
648,0.6521739130434783
649,0.6521739130434783
650,0.6521739130434783
651,0.8
652,0.4666666666666667
653,0.7894736842105263
654,0.6
655,0.5932203389830508
656,0.504424778761062
657,0.6388888888888888
658,0.7241379310344828
659,0.4666666666666667
660,0.48623853211009177
661,0.5294117647058824
662,0.5151515151515151
663,0.4838709677419355
664,0.47540983606557374
665,0.5492957746478874
666,0.6190476190476191
667,0.6
668,0.4666666666666667
669,0.5151515151515151
670,0.5348837209302325
671,0.4954954954954955
672,0.5616438356164384
673,0.6129032258064516
674,0.5048543689320388
675,0.5662650602409639
676,0.5636363636363636
677,0.514018691588785
678,0.5692307692307692
679,0.6190476190476191
680,0.5862068965517241
681,0.47058823529411764
682,0.7333333333333333
683,0.56
684,0.47058823529411764
685,0.6363636363636364
686,0.7837837837837838
687,0.6923076923076923
688,0.52
689,0.45161290322580644
690,0.48936170212765956
691,0.5294117647058824
692,0.4745762711864407
693,0.5789473684210527
694,0.5268817204301075
695,0.625
696,0.6363636363636364
697,0.550561797752809
698,1.0
699,0.5428571428571428
700,0.5180722891566265
701,0.45098039215686275
702,0.7714285714285715
703,0.5102040816326531
704,0.5102040816326531
705,0.4594594594594595
706,0.4503311258278146
707,0.8787878787878788
708,0.5076923076923077
709,0.7037037037037037
710,0.5514018691588785
711,0.5180722891566265
712,0.6521739130434783
713,0.5517241379310345
714,0.5636363636363636
715,0.4666666666666667
716,0.4782608695652174
717,0.4899328859060403
718,0.5555555555555556
719,0.47368421052631576
720,0.4666666666666667
721,0.5151515151515151
722,0.4936708860759494
723,0.5428571428571428
724,0.5636363636363636
725,0.5348837209302325
726,0.48148148148148145
727,0.7525773195876289
728,0.7974683544303798
729,1.0
730,0.8333333333333334
731,0.5
732,0.5087719298245614
733,0.4838709677419355
734,0.5294117647058824
735,0.49206349206349204
736,0.5
737,0.5555555555555556
738,0.4666666666666667
739,0.5555555555555556
740,0.68
741,0.4666666666666667
742,0.5294117647058824
743,0.5428571428571428
744,0.5416666666666666
745,0.5
746,0.6964285714285714
747,0.4666666666666667
748,0.5483870967741935
749,0.5733333333333334
750,0.7575757575757576
751,0.4594594594594595
752,0.6
753,0.4782608695652174
754,0.5789473684210527
755,0.4666666666666667
756,0.47540983606557374
757,0.5555555555555556
758,0.5
759,0.4520547945205479
760,0.5416666666666666
761,0.49206349206349204
762,0.4838709677419355
763,0.5555555555555556
764,0.45161290322580644
765,0.7241379310344828
766,0.4666666666666667
767,0.48623853211009177
768,0.4666666666666667
769,0.6363636363636364
770,0.5462184873949579
771,0.4649122807017544
772,0.625
773,0.4520547945205479
774,0.49206349206349204
775,0.48863636363636365
776,0.6097560975609756
777,0.4827586206896552
778,0.45038167938931295
779,0.5555555555555556
780,0.4567901234567901
781,0.5789473684210527
782,0.46153846153846156
783,0.5056179775280899
784,0.5
785,0.7333333333333333
786,0.5909090909090909
787,0.6521739130434783
788,0.5151515151515151
789,0.7714285714285715
790,0.8048780487804879
791,0.5949367088607594
792,0.5333333333333333
793,0.6363636363636364
794,0.5789473684210527
795,0.4936708860759494
796,0.5897435897435898
797,0.7037037037037037
798,0.6
799,0.4520547945205479
800,0.5714285714285714
801,0.5555555555555556
802,1.0
803,0.45161290322580644
804,1.0
805,0.5492957746478874
806,0.48148148148148145
807,0.5949367088607594
808,0.6417910447761194
809,0.4838709677419355
810,0.4666666666666667
811,0.5076923076923077
812,0.4666666666666667
813,0.4666666666666667
814,0.5180722891566265
815,0.47368421052631576
816,0.5789473684210527
817,0.452991452991453
818,0.5102040816326531
819,0.49473684210526314
820,0.4782608695652174
821,0.49206349206349204
822,0.627906976744186
823,0.5555555555555556
824,0.5384615384615384
825,0.48936170212765956
826,0.5068493150684932
827,0.48514851485148514
828,0.5384615384615384
829,0.7647058823529411
830,0.5294117647058824
831,0.7575757575757576
832,0.5454545454545454
833,0.5826086956521739
834,0.5315315315315315
835,0.5084745762711864
836,0.6458333333333334
837,0.48936170212765956
838,0.6571428571428571
839,0.5789473684210527
840,0.46987951807228917
841,0.5339805825242718
842,0.5789473684210527
843,0.5294117647058824
844,0.48717948717948717
845,0.5789473684210527
846,0.5
847,0.5471698113207547
848,0.550561797752809
849,0.6190476190476191
850,0.4838709677419355
851,0.5145631067961165
852,0.68
853,0.5698924731182796
854,0.48936170212765956
855,0.5471698113207547
856,0.4576271186440678
857,0.5151515151515151
858,0.4588235294117647
859,0.5238095238095238
860,0.49206349206349204
861,0.4634146341463415
862,0.5371900826446281
863,0.5188679245283019
864,0.4634146341463415
865,0.5102040816326531
866,0.48412698412698413
867,0.5362318840579711
868,0.5789473684210527
869,0.5
870,0.5789473684210527
871,0.5061728395061729
872,0.4954954954954955
873,0.5
874,0.5932203389830508
875,0.4520547945205479
876,0.5294117647058824
877,0.627906976744186
878,0.5492957746478874
879,0.4594594594594595
880,0.5
881,0.5
882,0.47540983606557374
883,0.68
884,0.45555555555555555
885,0.5
886,0.5
887,0.5652173913043478
888,0.5
889,0.5294117647058824
890,0.5180722891566265
891,0.45454545454545453
892,0.5555555555555556
893,0.4666666666666667
894,0.6
895,0.47540983606557374
896,0.6595744680851063
897,1.0
898,0.5238095238095238
899,0.7142857142857143
900,0.4533333333333333
901,0.5128205128205128
902,0.5169491525423728
903,0.5789473684210527
904,0.5172413793103449
905,0.4827586206896552
906,0.5733333333333334
907,0.4782608695652174
908,0.5604395604395604
909,0.5348837209302325
910,0.5675675675675675
911,0.5949367088607594
912,0.5
913,0.5
914,1.0
915,0.5294117647058824
916,0.47540983606557374
917,0.46218487394957986
918,0.5675675675675675
919,0.6363636363636364
920,0.4883720930232558
921,0.5454545454545454
922,0.574468085106383
923,0.45098039215686275
924,0.48514851485148514
925,0.625
926,0.5752212389380531
927,0.4666666666666667
928,0.5428571428571428
929,0.6190476190476191
930,0.673469387755102
931,0.5714285714285714
932,0.8666666666666667
933,0.46987951807228917
934,0.5112781954887218
935,0.5428571428571428
936,0.4725274725274725
937,0.7777777777777778
938,0.5714285714285714
939,0.5294117647058824
940,0.5428571428571428
941,0.5362318840579711
942,0.5
943,0.4576271186440678
944,0.5161290322580645
945,0.48717948717948717
946,0.6470588235294118
947,0.46875
948,0.5121951219512195
949,0.48936170212765956
950,0.5492957746478874
951,0.5151515151515151
952,0.5076923076923077
953,0.5172413793103449
954,0.5151515151515151
955,0.4666666666666667
956,0.4725274725274725
957,0.5151515151515151
958,0.4782608695652174
959,0.5897435897435898
960,0.6
961,0.6129032258064516
962,0.5789473684210527
963,0.6567164179104478
964,0.5294117647058824
965,0.6923076923076923
966,0.4936708860759494
967,0.5714285714285714
968,0.4725274725274725
969,0.5151515151515151
970,0.4936708860759494
971,0.52
972,0.52
973,0.5733333333333334
974,0.6144578313253012
975,0.550561797752809
976,0.4666666666666667
977,0.5844155844155844
978,0.4666666666666667
979,0.5492957746478874
980,0.4606741573033708
981,0.47368421052631576
982,0.5172413793103449
983,0.5409836065573771
984,0.47540983606557374
985,0.5238095238095238
986,0.4936708860759494
987,0.4838709677419355
988,0.5789473684210527
989,0.4838709677419355
990,0.5636363636363636
991,0.6190476190476191
992,0.5384615384615384
993,0.4603174603174603
994,0.7538461538461538
995,0.5151515151515151
996,0.5135135135135135
997,0.5949367088607594
998,0.5833333333333334
999,0.49295774647887325
1000,0.5294117647058824
1001,0.45454545454545453
1002,0.5555555555555556
1003,0.504424778761062
1004,0.4594594594594595
1005,0.5348837209302325
1006,0.5087719298245614
1007,0.5081967213114754
1008,0.5076923076923077
1009,0.5844155844155844
1010,0.5862068965517241
1011,0.5
1012,0.7241379310344828
1013,0.52
1014,0.6666666666666666
1015,0.5555555555555556
1016,0.4875
1017,0.5
1018,1.0
1019,0.6190476190476191
1020,0.5733333333333334
1021,0.5
1022,0.5151515151515151
1023,0.6307692307692307
1024,1.0
1025,0.5
1026,0.5223880597014925
1027,0.5180722891566265
1028,0.5121951219512195
1029,0.5714285714285714
1030,0.6571428571428571
1031,0.5616438356164384
1032,0.4936708860759494
1033,0.4782608695652174
1034,0.6097560975609756
1035,0.49473684210526314
1036,0.4766355140186916
1037,0.5492957746478874
1038,0.5
1039,1.0
1040,0.5
1041,1.0
1042,1.0
1043,1.0
1044,1.0
1045,1.0
1046,0.5492957746478874
1047,0.5151515151515151
1048,0.5862068965517241
1049,0.5121951219512195
1050,1.0
1051,0.4523809523809524
1052,0.5675675675675675
1053,0.49206349206349204
1054,0.5384615384615384
1055,0.5409836065573771
1056,0.4666666666666667
1057,0.5616438356164384
1058,0.5543478260869565
1059,0.5238095238095238
1060,0.46987951807228917
1061,0.48717948717948717
1062,0.5555555555555556
1063,1.0
1064,1.0
1065,1.0
1066,1.0
1067,0.6097560975609756
1068,1.0
1069,1.0
1070,1.0
1071,1.0
1072,1.0
1073,1.0
1074,1.0
1075,1.0
1076,1.0
1077,1.0
1078,1.0
1079,1.0
1080,1.0
1081,1.0
1082,1.0
1083,1.0
1084,1.0
1085,1.0
1086,1.0
1087,0.9536423841059603
1088,0.9357798165137615
1089,1.0
1090,0.9473684210526315
1091,1.0
1092,1.0
1093,1.0
1094,1.0
1095,1.0
1096,1.0
1097,1.0
1098,1.0
1099,1.0
1100,1.0
1101,0.5789473684210527
1102,0.5789473684210527
1103,0.5789473684210527
1104,1.0
1105,1.0
1106,1.0
1107,1.0
1108,1.0
1109,1.0
1110,1.0
1111,1.0
1112,1.0
1113,1.0
1114,1.0
1115,1.0
1116,1.0
1117,1.0
1118,0.9580838323353293
1119,0.45098039215686275
1120,0.5675675675675675
1121,0.5384615384615384
1122,0.5121951219512195
1123,0.5151515151515151
1124,0.5151515151515151
1125,0.5932203389830508
1126,0.4838709677419355
1127,0.4925373134328358
1128,0.5223880597014925
1129,0.5555555555555556
1130,0.627906976744186
1131,0.4666666666666667
1132,0.4909090909090909
1133,0.48936170212765956
1134,0.47058823529411764
1135,0.5
1136,0.48936170212765956
1137,0.5238095238095238
1138,0.52
1139,0.5471698113207547
1140,1.0
1141,1.0
1142,1.0
1143,1.0
1144,1.0
1145,1.0
1146,1.0
1147,1.0
1148,0.5565217391304348
1149,1.0
1150,1.0
1151,1.0
1152,1.0
1153,1.0
1154,1.0
1155,1.0
1156,1.0
1157,1.0
1158,1.0
1159,1.0
1160,1.0
1161,1.0
1162,1.0
1163,1.0
1164,1.0
1165,1.0
1166,1.0
1167,1.0
1168,1.0
1169,1.0
1170,1.0
1171,1.0
1172,1.0
1173,1.0
1174,1.0
1175,1.0
1176,1.0
1177,1.0
1178,1.0
1179,1.0
1180,1.0
1181,1.0
1182,1.0
1183,1.0
1184,1.0
1185,1.0
1186,1.0
1187,1.0
1188,1.0
1189,1.0
1190,1.0
1191,1.0
1192,1.0
1193,1.0
1194,1.0
1195,1.0
1196,1.0
1197,1.0
1198,1.0
1199,1.0
1200,1.0
1201,1.0
1202,1.0
1203,1.0
1204,1.0
1205,1.0
1206,1.0
1207,1.0
1208,1.0
1209,1.0
1210,1.0
1211,1.0
1212,1.0
1213,1.0
1214,0.8888888888888888
1215,1.0
1216,1.0
1217,1.0
1218,1.0
1219,1.0
1220,1.0
1221,1.0
1222,1.0
1223,1.0
1224,1.0
1225,1.0
1226,1.0
1227,1.0
1228,1.0
1229,1.0
1230,1.0
1231,1.0
1232,1.0
1233,1.0
1234,1.0
1235,0.9259259259259259
1236,1.0
1237,1.0
1238,1.0
1239,1.0
1240,1.0
1241,1.0
1242,1.0
1243,1.0
1244,1.0
1245,1.0
1246,1.0
1247,1.0
1248,1.0
1249,1.0
1250,1.0
1251,1.0
1252,1.0
1253,1.0
1254,0.5675675675675675
1255,1.0
1256,1.0
1257,1.0
1258,1.0
1259,1.0
1260,1.0
1261,1.0
1262,1.0
1263,0.4838709677419355
1264,1.0
1265,1.0
1266,1.0
1267,1.0
1268,1.0
1269,1.0
1270,1.0
1271,1.0
1272,0.4520547945205479
1273,1.0
1274,1.0
1275,1.0
1276,1.0
1277,1.0
1278,1.0
1279,1.0
1280,1.0
1281,1.0
1282,1.0
1283,1.0
1284,1.0
1285,1.0
1286,0.5094339622641509
1287,1.0
1288,1.0
1289,1.0
1290,1.0
1291,1.0
1292,1.0
1293,1.0
1294,1.0
1295,1.0
1296,1.0
1297,0.5641025641025641
1298,1.0
1299,1.0
1300,1.0
1301,1.0
1302,1.0
1303,1.0
1304,1.0
1305,1.0
1306,1.0
1307,1.0
1308,1.0
1309,1.0
1310,1.0
1311,1.0
1312,1.0
1313,1.0
1314,1.0
1315,1.0
1316,1.0
1317,1.0
1318,0.49
1319,1.0
1320,1.0
1321,1.0
1322,1.0
1323,1.0
1324,1.0
1325,1.0
1326,1.0
1327,1.0
1328,1.0
1329,1.0
1330,1.0
1331,0.6666666666666666
1332,1.0
1333,1.0
1334,1.0
1335,1.0
1336,1.0
1337,1.0
1338,1.0
1339,1.0
1340,1.0
1341,1.0
1342,1.0
1343,1.0
1344,1.0
1345,1.0
1346,1.0
1347,1.0
1348,1.0
1349,0.45588235294117646
1350,1.0
1351,0.9107142857142857
1352,1.0
1353,1.0
1354,1.0
1355,0.5641025641025641
1356,1.0
1357,1.0
1358,1.0
1359,1.0
1360,1.0
1361,1.0
1362,1.0
1363,1.0
1364,1.0
1365,1.0
1366,1.0
1367,1.0
1368,1.0
1369,1.0
1370,1.0
1371,1.0
1372,1.0
1373,1.0
1374,1.0
1375,1.0
1376,1.0
1377,1.0
1378,1.0
1379,1.0
1380,1.0
1381,1.0
1382,1.0
1383,1.0
1384,1.0
1385,1.0
1386,1.0
1387,1.0
1388,0.92
1389,1.0
1390,1.0
1391,1.0
1392,1.0
1393,1.0
1394,1.0
1395,1.0
1396,1.0
1397,1.0
1398,1.0
1399,1.0
1400,1.0
1401,0.8888888888888888
1402,0.803030303030303
1403,0.4752475247524752
1404,1.0
1405,1.0
1406,1.0
1407,1.0
1408,1.0
1409,1.0
1410,0.4520547945205479
1411,1.0
1412,1.0
1413,0.8870967741935484
1414,1.0
1415,1.0
1416,1.0
1417,1.0
1418,1.0
1419,1.0
1420,1.0
1421,1.0
1422,1.0
1423,1.0
1424,1.0
1425,1.0
1426,1.0
1427,0.8813559322033898
1428,1.0
1429,1.0
1430,1.0
1431,1.0
1432,1.0
1433,1.0
1434,1.0
1435,1.0
1436,1.0
1437,1.0
1438,1.0
1439,1.0
1440,1.0
1441,1.0
1442,1.0
1443,1.0
1444,1.0
1445,1.0
1446,1.0
1447,1.0
1448,1.0
1449,1.0
1450,1.0
1451,1.0
1452,0.9066666666666666
1453,1.0
1454,1.0
1455,1.0
1456,1.0
1457,1.0
1458,1.0
1459,1.0
1460,1.0
1461,0.5813953488372093
1462,1.0
1463,1.0
1464,1.0
1465,1.0
1466,1.0
1467,1.0
1468,1.0
1469,1.0
1470,1.0
1471,1.0
1472,1.0
1473,1.0
1474,1.0
1475,0.5619834710743802
1476,1.0
1477,1.0
1478,1.0
1479,0.45588235294117646
1480,1.0
1481,1.0
1482,1.0
1483,1.0
1484,1.0
1485,1.0
1486,1.0
1487,1.0
1488,1.0
1489,1.0
1490,1.0
1491,1.0
1492,0.8727272727272727
1493,1.0
1494,1.0
1495,1.0
1496,1.0
1497,1.0
1498,1.0
1499,1.0
1500,1.0
1501,1.0
1502,1.0
1503,1.0
1504,1.0
1505,1.0
1506,1.0
1507,1.0
1508,1.0
1509,1.0
1510,1.0
1511,1.0
1512,1.0
1513,1.0
1514,0.5294117647058824
1515,0.5555555555555556
1516,0.5636363636363636
1517,0.5725190839694656
1518,0.6307692307692307
1519,0.6
1520,0.4835164835164835
1521,0.5789473684210527
1522,0.4782608695652174
1523,0.5135135135135135
1524,0.6
1525,0.6190476190476191
1526,0.4666666666666667
1527,0.6363636363636364
1528,1.0
1529,0.6363636363636364
1530,0.6363636363636364
1531,0.6363636363636364
1532,0.5259259259259259
1533,0.49206349206349204
1534,0.45454545454545453
1535,0.5636363636363636
1536,0.5636363636363636
1537,1.0
1538,1.0
1539,1.0
1540,1.0
1541,1.0
1542,1.0
1543,0.6363636363636364
1544,1.0
1545,1.0
1546,1.0
1547,1.0
1548,1.0
1549,0.5
1550,0.47540983606557374
1551,0.7241379310344828
1552,1.0
1553,1.0
1554,1.0
1555,1.0
1556,0.4666666666666667
1557,0.5121951219512195
1558,0.46153846153846156
1559,0.5555555555555556
1560,0.4962962962962963
1561,0.4634146341463415
1562,0.4634146341463415
1563,0.5348837209302325
1564,0.4666666666666667
1565,0.5384615384615384
1566,0.5092592592592593
1567,1.0
1568,0.6363636363636364
1569,1.0
1570,1.0
1571,1.0
1572,0.5675675675675675
1573,0.5114503816793893
1574,0.6190476190476191
1575,0.6521739130434783
1576,0.47107438016528924
1577,0.5492957746478874
1578,1.0
1579,1.0
1580,0.5675675675675675
1581,0.5247524752475248
1582,1.0
1583,1.0
1584,1.0
1585,1.0
1586,0.6363636363636364
1587,1.0
1588,0.6363636363636364
1589,0.6363636363636364
1590,0.6363636363636364
1591,1.0
1592,0.5
1593,1.0
1594,1.0
1595,1.0
1596,1.0
1597,1.0
1598,1.0
1599,1.0
1600,0.503448275862069
1601,0.5384615384615384
1602,0.45454545454545453
1603,0.4965034965034965
1604,0.5130434782608696
1605,0.52
1606,0.539568345323741
1607,0.5076923076923077
1608,0.48299319727891155
1609,1.0
1610,1.0
1611,0.946969696969697
1612,1.0
1613,1.0
1614,1.0
1615,1.0
1616,1.0
1617,0.9230769230769231
1618,1.0
1619,1.0
1620,0.6363636363636364
1621,1.0
1622,1.0
1623,1.0
1624,1.0
1625,0.5555555555555556
1626,0.456
1627,0.5555555555555556
1628,0.5692307692307692
1629,0.47107438016528924
1630,1.0
1631,1.0
1632,1.0
1633,1.0
1634,1.0
1635,1.0
1636,1.0
1637,1.0
1638,1.0
1639,1.0
1640,1.0
1641,1.0
1642,1.0
1643,1.0
1644,1.0
1645,1.0
1646,0.5094339622641509
1647,1.0
1648,1.0
1649,1.0
1650,1.0
1651,1.0
1652,1.0
1653,1.0
1654,1.0
1655,1.0
1656,1.0
1657,1.0
1658,1.0
1659,1.0
1660,1.0
1661,0.47692307692307695
1662,1.0
1663,1.0
1664,1.0
1665,1.0
1666,1.0
1667,1.0
1668,1.0
1669,1.0
1670,1.0
1671,1.0
1672,1.0
1673,1.0
1674,0.4520547945205479
1675,1.0
1676,1.0
1677,1.0
1678,1.0
1679,1.0
1680,1.0
1681,1.0
1682,1.0
1683,1.0
1684,1.0
1685,1.0
1686,1.0
1687,1.0
1688,1.0
1689,1.0
1690,1.0
1691,1.0
1692,1.0
1693,1.0
1694,1.0
1695,1.0
1696,1.0
1697,1.0
1698,1.0
1699,1.0
1700,1.0
1701,1.0
1702,1.0
1703,1.0
1704,1.0
1705,1.0
1706,1.0
1707,1.0
1708,1.0
1709,1.0
1710,1.0
1711,1.0
1712,1.0
1713,0.9259259259259259
1714,1.0
1715,1.0
1716,1.0
1717,1.0
1718,1.0
1719,1.0
1720,1.0
1721,1.0
1722,1.0
1723,1.0
1724,1.0
1725,1.0
1726,1.0
1727,1.0
1728,1.0
1729,1.0
1730,1.0
1731,1.0
1732,1.0
1733,1.0
1734,1.0
1735,1.0
1736,1.0
1737,1.0
1738,1.0
1739,1.0
1740,1.0
1741,1.0
1742,1.0
1743,1.0
1744,1.0
1745,1.0
1746,1.0
1747,1.0
1748,1.0
1749,1.0
1750,1.0
1751,1.0
1752,1.0
1753,0.5061728395061729
1754,1.0
1755,1.0
1756,1.0
1757,1.0
1758,1.0
1759,1.0
1760,1.0
1761,1.0
1762,1.0
1763,1.0
1764,1.0
1765,1.0
1766,1.0
1767,1.0
1768,1.0
1769,1.0
1770,1.0
1771,1.0
1772,1.0
1773,1.0
1774,1.0
1775,1.0
1776,0.6666666666666666
1777,0.864406779661017
1778,1.0
1779,1.0
1780,1.0
1781,1.0
1782,1.0
1783,1.0
1784,1.0
1785,1.0
1786,1.0
1787,1.0
1788,1.0
1789,1.0
1790,1.0
1791,1.0
1792,1.0
1793,1.0
1794,1.0
1795,1.0
1796,1.0
1797,1.0
1798,1.0
1799,1.0
1800,0.45454545454545453
1801,0.4520547945205479
1802,1.0
1803,1.0
1804,0.8833333333333333
1805,0.5813953488372093
1806,1.0
1807,1.0
1808,1.0
1809,1.0
1810,1.0
1811,1.0
1812,1.0
1813,1.0
1814,1.0
1815,1.0
1816,1.0
1817,1.0
1818,1.0
1819,0.6746987951807228
1820,1.0
1821,1.0
1822,1.0
1823,1.0
1824,1.0
1825,1.0
1826,1.0
1827,1.0
1828,1.0
1829,1.0
1830,1.0
1831,1.0
1832,1.0
1833,1.0
1834,1.0
1835,1.0
1836,1.0
1837,1.0
1838,1.0
1839,1.0
1840,1.0
1841,0.5
1842,1.0
1843,1.0
1844,0.6363636363636364
1845,1.0
1846,1.0
1847,1.0
1848,1.0
1849,1.0
1850,1.0
1851,0.4838709677419355
1852,1.0
1853,1.0
1854,0.5675675675675675
1855,1.0
1856,1.0
1857,1.0
1858,0.9351851851851852
1859,1.0
1860,1.0
1861,1.0
1862,1.0
1863,1.0
1864,1.0
1865,1.0
1866,0.5061728395061729
1867,1.0
1868,0.4878048780487805
1869,1.0
1870,1.0
1871,1.0
1872,1.0
1873,1.0
1874,1.0
1875,0.4878048780487805
1876,1.0
1877,1.0
1878,1.0
1879,1.0
1880,1.0
1881,1.0
1882,1.0
1883,1.0
1884,1.0
1885,1.0
1886,1.0
1887,1.0
1888,1.0
1889,1.0
1890,1.0
1891,1.0
1892,1.0
1893,1.0
1894,1.0
1895,1.0
1896,1.0
1897,1.0
1898,1.0
1899,0.6363636363636364
1900,1.0
1901,1.0
1902,1.0
1903,1.0
1904,1.0
1905,1.0
1906,1.0
1907,1.0
1908,1.0
1909,1.0
1910,1.0
1911,1.0
1912,1.0
1913,1.0
1914,1.0
1915,1.0
1916,1.0
1917,1.0
1918,1.0
1919,1.0
1920,0.6746987951807228
1921,1.0
1922,1.0
1923,1.0
1924,1.0
1925,1.0
1926,1.0
1927,1.0
1928,1.0
1929,1.0
1930,1.0
1931,1.0
1932,1.0
1933,1.0
1934,1.0
1935,1.0
1936,1.0
1937,1.0
1938,1.0
1939,1.0
1940,0.6161616161616161
1941,1.0
1942,1.0
1943,1.0
1944,1.0
1945,1.0
1946,1.0
1947,1.0
1948,1.0
1949,0.504424778761062
1950,0.9010989010989011
1951,1.0
1952,1.0
1953,1.0
1954,1.0
1955,1.0
1956,1.0
1957,1.0
1958,1.0
1959,1.0
1960,1.0
1961,1.0
1962,1.0
1963,1.0
1964,1.0
1965,1.0
1966,1.0
1967,1.0
1968,1.0
1969,1.0
1970,1.0
1971,1.0
1972,1.0
1973,1.0
1974,1.0
1975,1.0
1976,0.6363636363636364
1977,1.0
1978,1.0
1979,1.0
1980,1.0
1981,1.0
1982,0.49206349206349204
1983,0.5348837209302325
1984,0.5714285714285714
1985,0.5339805825242718
1986,0.5
1987,0.5492957746478874
1988,0.6065573770491803
1989,0.5636363636363636
1990,0.6190476190476191
1991,0.6
1992,0.5471698113207547
1993,0.4520547945205479
1994,0.4716981132075472
1995,0.4782608695652174
1996,0.5428571428571428
1997,0.5
1998,0.6396396396396397
1999,0.4805194805194805
2000,0.5844155844155844
2001,0.5675675675675675
2002,0.5
2003,0.52
2004,1.0
2005,1.0
2006,1.0
2007,0.9166666666666666
2008,1.0
2009,1.0
2010,1.0
2011,1.0
2012,1.0
2013,1.0
2014,1.0
2015,1.0
2016,1.0
2017,1.0
2018,1.0
2019,1.0
2020,1.0
2021,1.0
2022,1.0
2023,1.0
2024,1.0
2025,1.0
2026,1.0
2027,1.0
2028,1.0
2029,1.0
2030,1.0
2031,1.0
2032,0.8888888888888888
2033,1.0
2034,1.0
2035,1.0
2036,1.0
2037,1.0
2038,1.0
2039,1.0
2040,1.0
2041,1.0
2042,1.0
2043,1.0
2044,1.0
2045,1.0
2046,0.6144578313253012
2047,0.4728682170542636
2048,0.4936708860759494
2049,0.45614035087719296
2050,0.5897435897435898
2051,0.5636363636363636
2052,0.68
2053,0.5384615384615384
2054,0.5733333333333334
2055,0.5180722891566265
2056,0.5294117647058824
2057,0.5348837209302325
2058,0.4576271186440678
2059,0.5294117647058824
2060,0.5714285714285714
2061,0.4805194805194805
2062,0.5862068965517241
2063,0.4909090909090909
2064,0.5229357798165137
2065,0.48484848484848486
2066,0.5555555555555556
2067,0.4666666666666667
2068,0.52
2069,0.5428571428571428
2070,0.550561797752809
2071,0.4563106796116505
2072,0.6923076923076923
2073,0.49295774647887325
2074,0.5294117647058824
2075,0.4740740740740741
2076,0.45925925925925926
2077,0.6049382716049383
2078,0.5675675675675675
2079,0.5102040816326531
2080,0.5454545454545454
2081,0.5294117647058824
2082,0.5675675675675675
2083,0.46153846153846156
2084,0.6521739130434783
2085,0.5294117647058824
2086,0.5238095238095238
2087,0.5555555555555556
2088,0.47368421052631576
2089,0.49206349206349204
2090,0.488
2091,1.0
2092,1.0
2093,1.0
2094,1.0
2095,1.0
2096,1.0
2097,1.0
2098,1.0
2099,1.0
2100,1.0
2101,1.0
2102,1.0
